invoice_id,date,vendor,category,amount,currency,cost_center,approved_by
INV-2024-00257,2024-06-07,Continental AG,Raw Materials,171524.44,EUR,CC-3001,mgr_04
INV-WE-0004,2024-07-20,Deutsche Post AG,Maintenance,39714.18,EUR,CC-1002,mgr_08
INV-2024-00188,2024-11-13,Deutsche Post AG,Marketing,48166.6,EUR,CC-1001,mgr_08
INV-2024-00177,2024-05-31,Siemens AG,Office Supplies,4891.93,EUR,CC-3001,mgr_05
INV-2024-00217,2024-03-20,Continental AG,Software,85032.94,EUR,CC-2001,mgr_09
INV-2024-00116,2024-11-01,Fresenius SE,Office Supplies,149.74,EUR,CC-1002,mgr_02
INV-WE-0003,2024-02-10,Fresenius SE,IT-Services,98753.84,EUR,CC-2001,mgr_03
INV-2024-00020,2024-11-01,Fresenius SE,Software,26638.58,EUR,CC-4001,mgr_01
INV-2024-00354,2024-05-06,Fresenius SE,IT-Services,37722.39,EUR,CC-1002,mgr_01
INV-2024-00286,2024-05-09,Continental AG,IT-Services,46486.08,EUR,CC-1001,mgr_06
INV-2024-00260,2024-11-01,Bosch GmbH,Maintenance,13817.53,EUR,CC-4001,mgr_03
INV-2024-00490,2024-05-07,Henkel AG,Raw Materials,414412.42,EUR,CC-3001,mgr_08
INV-2024-00198,2024-02-05,Deutsche Post AG,Logistics,11189.59,EUR,CC-1002,mgr_06
INV-2024-00159,2024-06-19,Merck KGaA,Maintenance,74695.33,EUR,CC-1002,mgr_04
INV-2024-00351,2024-01-22,BASF SE,Office Supplies,1797.18,EUR,CC-3001,mgr_05
INV-2024-00003,2024-01-16,Continental AG,Consulting,77471.66,EUR,CC-4001,mgr_01
INV-2024-00269,2024-01-29,Fresenius SE,Maintenance,30542.96,EUR,CC-3001,mgr_02
INV-2024-00142,2024-01-11,Deutsche Post AG,Office Supplies,297.14,EUR,CC-1002,mgr_08
INV-2024-00132,2024-10-28,ThyssenKrupp AG,Maintenance,45921.73,EUR,CC-1001,mgr_10
INV-2024-00049,2024-05-16,Bosch GmbH,Maintenance,54063.53,EUR,CC-2001,mgr_08
INV-WE-0005,2024-02-10,Siemens AG,Consulting,6310.38,EUR,CC-1002,mgr_01
INV-2024-00459,2024-05-31,BASF SE,Maintenance,10169.48,EUR,CC-1002,mgr_06
INV-2024-00445,2024-06-20,Deutsche Post AG,Maintenance,11753.83,EUR,CC-2001,mgr_10
INV-2024-00391,2024-04-29,Siemens AG,Logistics,7436.71,EUR,CC-2001,mgr_04
INV-2024-00124,2024-05-24,Continental AG,Consulting,95911.47,EUR,CC-2001,mgr_03
INV-2024-00387,2024-08-23,Bosch GmbH,Marketing,58751.7,EUR,CC-1001,mgr_01
INV-WE-0002,2024-05-04,Merck KGaA,Maintenance,15710.65,EUR,CC-3001,mgr_10
INV-2024-00476,2024-08-19,Henkel AG,IT-Services,143017.08,EUR,CC-3001,mgr_03
INV-2024-00030,2024-09-23,BASF SE,Software,26294.75,EUR,CC-1001,mgr_06
INV-2024-00287,2024-05-20,Henkel AG,Consulting,136715.9,EUR,CC-3001,mgr_08
INV-2024-00362,2024-09-09,Fresenius SE,Raw Materials,234542.36,EUR,CC-1002,mgr_02
INV-2024-00194,2024-08-15,Henkel AG,Logistics,5418.05,EUR,CC-2001,mgr_09
INV-2024-00438,2024-02-19,Bayer AG,Marketing,7406.42,EUR,CC-3001,mgr_07
INV-2024-00071,2024-01-23,Siemens AG,Maintenance,42073.71,EUR,CC-4001,mgr_04
INV-2024-00084,2024-01-26,BASF SE,Logistics,23094.86,EUR,CC-3001,mgr_09
INV-2024-00328,2024-10-01,BASF SE,IT-Services,67484.53,EUR,CC-2001,mgr_06
INV-2024-00403,2024-01-08,Continental AG,Logistics,48122.84,EUR,CC-1001,mgr_08
INV-2024-00409,2024-10-23,ThyssenKrupp AG,Maintenance,13040.5,EUR,CC-2001,mgr_04
INV-2024-00093,2024-10-21,Merck KGaA,Maintenance,1465.79,EUR,CC-2001,mgr_05
INV-2024-00491,2024-03-13,Bayer AG,Office Supplies,1938.34,EUR,CC-1001,mgr_02
INV-2024-00220,2024-04-02,ThyssenKrupp AG,Office Supplies,4615.53,EUR,CC-2001,mgr_01
INV-ANOM-0006,2024-03-12,BASF SE,Maintenance,1286689.2,EUR,CC-3001,mgr_06
INV-2024-00042,2024-08-20,Bayer AG,Office Supplies,3513.3,EUR,CC-4001,mgr_08
INV-2024-00028,2024-10-08,ThyssenKrupp AG,Raw Materials,264309.22,EUR,CC-4001,mgr_07
INV-2024-00434,2024-02-07,ThyssenKrupp AG,Consulting,54724.08,EUR,CC-1002,mgr_07
INV-2024-00307,2024-06-07,Merck KGaA,Maintenance,42529.96,EUR,CC-3001,mgr_10
INV-2024-00240,2024-02-22,ThyssenKrupp AG,Raw Materials,99438.63,EUR,CC-4001,mgr_03
INV-2024-00455,2024-11-27,Deutsche Post AG,IT-Services,147623.19,EUR,CC-3001,mgr_06
INV-2024-00292,2024-12-19,Henkel AG,Software,45818.71,EUR,CC-2001,mgr_10
INV-2024-00394,2024-02-01,Bayer AG,Raw Materials,278369.48,EUR,CC-1001,mgr_06
INV-2024-00218,2024-07-08,ThyssenKrupp AG,Consulting,176489.0,EUR,CC-3001,mgr_09
INV-2024-00277,2024-08-07,Deutsche Post AG,IT-Services,56158.33,EUR,CC-4001,mgr_07
INV-2024-00059,2024-10-07,Henkel AG,IT-Services,89463.89,EUR,CC-1002,mgr_07
INV-2024-00288,2024-07-16,Bosch GmbH,Marketing,101759.63,EUR,CC-3001,mgr_06
INV-2024-00176,2024-09-04,Continental AG,Consulting,120595.65,EUR,CC-2001,mgr_10
INV-2024-00025,2024-01-01,Merck KGaA,Marketing,8797.96,EUR,CC-2001,mgr_05
INV-2024-00011,2024-03-25,Henkel AG,Marketing,45853.87,EUR,CC-2001,mgr_02
INV-2024-00447,2024-05-29,Deutsche Post AG,Software,78633.49,EUR,CC-2001,mgr_07
INV-2024-00065,2024-04-23,Merck KGaA,Logistics,17808.09,EUR,CC-1002,mgr_04
INV-2024-00404,2024-05-06,Bayer AG,Logistics,45798.76,EUR,CC-4001,mgr_06
INV-2024-00017,2024-05-14,Deutsche Post AG,Maintenance,32552.64,EUR,CC-1002,mgr_03
INV-2024-00068,2024-05-13,Deutsche Post AG,Raw Materials,481304.62,EUR,CC-2001,mgr_01
INV-2024-00113,2024-05-22,Continental AG,Software,75546.68,EUR,CC-4001,mgr_10
INV-2024-00315,2024-10-15,Siemens AG,IT-Services,16777.31,EUR,CC-4001,mgr_05
INV-2024-00487,2024-01-31,Fresenius SE,Marketing,59811.58,EUR,CC-4001,mgr_03
INV-2024-00430,2024-06-26,BASF SE,IT-Services,68377.8,EUR,CC-1001,mgr_06
INV-2024-00213,2024-02-16,BASF SE,Consulting,135244.19,EUR,CC-2001,mgr_03
INV-2024-00325,2024-06-06,Siemens AG,Software,10824.81,EUR,CC-3001,mgr_09
INV-2024-00324,2024-04-08,Merck KGaA,Raw Materials,497988.74,EUR,CC-3001,mgr_08
INV-2024-00207,2024-02-07,Henkel AG,Consulting,186406.25,EUR,CC-1001,mgr_03
INV-2024-00407,2024-08-28,Continental AG,Marketing,77287.46,EUR,CC-3001,mgr_01
INV-2024-00075,2024-12-12,Deutsche Post AG,Raw Materials,284983.52,EUR,CC-3001,mgr_09
INV-2024-00425,2024-12-20,ThyssenKrupp AG,Software,6563.07,EUR,CC-1001,mgr_05
INV-2024-00095,2024-04-22,Continental AG,Software,28747.66,EUR,CC-3001,mgr_01
INV-2024-00190,2024-06-04,BASF SE,Software,11524.82,EUR,CC-4001,mgr_03
INV-2024-00335,2024-09-23,Bosch GmbH,Software,61413.53,EUR,CC-4001,mgr_03
INV-2024-00467,2024-12-26,Continental AG,Logistics,14278.07,EUR,CC-1001,mgr_10
INV-2024-00466,2024-01-15,Merck KGaA,Logistics,29814.06,EUR,CC-3001,mgr_01
INV-2024-00392,2024-10-21,Deutsche Post AG,Marketing,121593.95,EUR,CC-2001,mgr_04
INV-2024-00323,2024-08-02,Bosch GmbH,Logistics,40767.15,EUR,CC-4001,mgr_06
INV-2024-00050,2024-06-10,Siemens AG,Consulting,142902.8,EUR,CC-4001,mgr_02
INV-2024-00251,2024-07-05,ThyssenKrupp AG,Marketing,80546.23,EUR,CC-2001,mgr_10
INV-2024-00174,2024-02-07,Henkel AG,Software,98789.87,EUR,CC-2001,mgr_07
INV-2024-00254,2024-10-25,Henkel AG,Raw Materials,155805.64,EUR,CC-3001,mgr_03
INV-2024-00310,2024-04-03,Bayer AG,Raw Materials,251929.03,EUR,CC-1001,mgr_02
INV-2024-00416,2024-12-03,Siemens AG,Software,2648.01,EUR,CC-4001,mgr_07
INV-2024-00009,2024-07-04,BASF SE,Logistics,2768.31,EUR,CC-1002,mgr_05
INV-2024-00489,2024-03-11,Siemens AG,Maintenance,79406.41,EUR,CC-1002,mgr_03
INV-2024-00449,2024-10-30,Fresenius SE,Raw Materials,14431.14,EUR,CC-3001,mgr_04
INV-2024-00437,2024-08-19,BASF SE,Maintenance,3074.69,EUR,CC-2001,mgr_09
INV-2024-00484,2024-01-17,ThyssenKrupp AG,Software,36160.54,EUR,CC-1001,mgr_08
INV-2024-00314,2024-10-30,Bosch GmbH,Raw Materials,329707.7,EUR,CC-4001,mgr_06
INV-2024-00105,2024-03-25,BASF SE,Office Supplies,2935.56,EUR,CC-2001,mgr_10
INV-2024-00477,2024-04-09,Fresenius SE,Maintenance,40929.6,EUR,CC-3001,mgr_07
INV-2024-00498,2024-08-21,Bayer AG,IT-Services,34336.14,EUR,CC-1002,mgr_05
INV-2024-00465,2024-07-26,Bosch GmbH,Raw Materials,320598.96,EUR,CC-3001,mgr_07
INV-2024-00384,2024-02-12,Henkel AG,Raw Materials,60197.95,EUR,CC-4001,mgr_07
INV-2024-00271,2024-03-15,Siemens AG,Raw Materials,144152.82,EUR,CC-3001,mgr_03
INV-2024-00283,2024-12-23,Bosch GmbH,Software,81526.77,EUR,CC-1001,mgr_08
INV-2024-00299,2024-04-05,Fresenius SE,Software,39924.76,EUR,CC-4001,mgr_02
INV-2024-00454,2024-10-31,BASF SE,Consulting,232996.67,EUR,CC-2001,mgr_03
INV-2024-00386,2024-08-26,Fresenius SE,Maintenance,30962.84,EUR,CC-1002,mgr_04
INV-2024-00173,2024-05-10,Merck KGaA,IT-Services,135675.37,EUR,CC-4001,mgr_03
INV-2024-00147,2024-05-09,BASF SE,Marketing,194186.02,EUR,CC-3001,mgr_09
INV-2024-00043,2024-03-20,ThyssenKrupp AG,Logistics,11276.19,EUR,CC-1001,mgr_10
INV-2024-00199,2024-03-18,ThyssenKrupp AG,IT-Services,129468.89,EUR,CC-1002,mgr_03
INV-2024-00339,2024-12-10,Bayer AG,Consulting,179273.62,EUR,CC-1001,mgr_10
INV-2024-00014,2024-04-29,Henkel AG,IT-Services,63168.89,EUR,CC-1001,mgr_04
INV-2024-00118,2024-11-26,Merck KGaA,Software,79707.42,EUR,CC-1001,mgr_05
INV-2024-00250,2024-05-06,Merck KGaA,Software,53358.72,EUR,CC-4001,mgr_03
INV-2024-00225,2024-12-11,ThyssenKrupp AG,Consulting,138502.76,EUR,CC-3001,mgr_08
INV-2024-00495,2024-05-17,ThyssenKrupp AG,Marketing,70862.26,EUR,CC-4001,mgr_03
INV-2024-00349,2024-09-02,Fresenius SE,Marketing,187071.57,EUR,CC-2001,mgr_05
INV-2024-00308,2024-02-07,Henkel AG,Raw Materials,321526.96,EUR,CC-3001,mgr_08
INV-2024-00143,2024-09-23,ThyssenKrupp AG,Software,19785.94,EUR,CC-4001,mgr_07
INV-2024-00400,2024-07-08,Fresenius SE,Consulting,220129.57,EUR,CC-1002,mgr_01
INV-2024-00243,2024-11-18,Bosch GmbH,Marketing,90753.75,EUR,CC-3001,mgr_08
INV-2024-00385,2024-09-27,Continental AG,Raw Materials,417575.98,EUR,CC-1001,mgr_05
INV-2024-00099,2024-05-13,Henkel AG,Maintenance,17721.16,EUR,CC-2001,mgr_06
INV-2024-00109,2024-09-16,Siemens AG,Marketing,170667.25,EUR,CC-3001,mgr_02
INV-2024-00051,2024-02-07,Fresenius SE,Logistics,13627.42,EUR,CC-2001,mgr_02
INV-2024-00074,2024-07-25,Fresenius SE,Office Supplies,723.71,EUR,CC-3001,mgr_07
INV-2024-00138,2024-05-16,BASF SE,Raw Materials,30759.38,EUR,CC-2001,mgr_10
INV-2024-00313,2024-03-05,Deutsche Post AG,Office Supplies,2714.04,EUR,CC-4001,mgr_03
INV-2024-00360,2024-04-05,Siemens AG,Office Supplies,145.41,EUR,CC-4001,mgr_10
INV-2024-00492,2024-07-25,Henkel AG,Office Supplies,2328.01,EUR,CC-3001,mgr_06
INV-2024-00149,2024-11-14,Merck KGaA,Software,76479.07,EUR,CC-1002,mgr_05
INV-2024-00247,2024-08-26,Merck KGaA,IT-Services,136812.24,EUR,CC-4001,mgr_04
INV-2024-00033,2024-05-01,Merck KGaA,Office Supplies,1149.76,EUR,CC-1002,mgr_10
INV-2024-00228,2024-09-27,Siemens AG,Office Supplies,1180.54,EUR,CC-4001,mgr_01
INV-2024-00079,2024-02-19,ThyssenKrupp AG,Logistics,11619.71,EUR,CC-1002,mgr_03
INV-2024-00097,2024-11-14,Bayer AG,IT-Services,90824.45,EUR,CC-1001,mgr_02
INV-2024-00216,2024-05-27,Henkel AG,Office Supplies,607.64,EUR,CC-4001,mgr_04
INV-2024-00058,2024-08-14,Fresenius SE,Maintenance,1763.91,EUR,CC-1001,mgr_03
INV-2024-00295,2024-01-18,BASF SE,Raw Materials,118761.69,EUR,CC-2001,mgr_06
INV-2024-00175,2024-12-19,Merck KGaA,Office Supplies,4241.99,EUR,CC-1002,mgr_07
INV-2024-00192,2024-10-28,Bayer AG,Raw Materials,327806.03,EUR,CC-3001,mgr_10
INV-2024-00375,2024-10-15,Siemens AG,Consulting,250344.48,EUR,CC-4001,mgr_04
INV-2024-00112,2024-08-26,Deutsche Post AG,Maintenance,22203.25,EUR,CC-1002,mgr_02
INV-2024-00485,2024-03-01,Continental AG,Logistics,40629.78,EUR,CC-4001,mgr_06
INV-2024-00035,2024-02-19,Bayer AG,Consulting,112746.29,EUR,CC-3001,mgr_08
INV-2024-00157,2024-09-16,Siemens AG,Office Supplies,1485.91,EUR,CC-2001,mgr_10
INV-2024-00410,2024-07-15,Merck KGaA,Logistics,27756.81,EUR,CC-2001,mgr_05
INV-2024-00414,2024-07-30,Continental AG,Raw Materials,34916.0,EUR,CC-1002,mgr_01
INV-2024-00446,2024-12-23,Merck KGaA,Logistics,16052.07,EUR,CC-3001,mgr_06
INV-2024-00428,2024-10-15,Deutsche Post AG,Logistics,41815.2,EUR,CC-3001,mgr_09
INV-ANOM-0002,2024-02-15,BASF SE,Consulting,1244686.63,EUR,CC-2001,mgr_03
INV-2024-00470,2024-07-17,Deutsche Post AG,Maintenance,10024.33,EUR,CC-2001,mgr_08
INV-2024-00094,2024-07-18,Fresenius SE,Maintenance,60053.74,EUR,CC-4001,mgr_10
INV-2024-00166,2024-06-11,Fresenius SE,Software,5518.11,EUR,CC-1001,mgr_04
INV-2024-00047,2024-11-15,Deutsche Post AG,IT-Services,16887.59,EUR,CC-4001,mgr_10
INV-2024-00186,2024-05-15,Merck KGaA,Consulting,116889.84,EUR,CC-2001,mgr_10
INV-2024-00151,2024-01-15,Bosch GmbH,Logistics,15882.13,EUR,CC-1001,mgr_09
INV-2024-00038,2024-04-03,Merck KGaA,Office Supplies,1324.05,EUR,CC-1001,mgr_08
INV-2024-00167,2024-11-19,Continental AG,Office Supplies,3759.16,EUR,CC-3001,mgr_02
INV-WE-0001,2024-04-20,Fresenius SE,Logistics,76045.15,EUR,CC-2001,mgr_01
INV-2024-00342,2024-03-18,Siemens AG,Logistics,28842.23,EUR,CC-1001,mgr_04
INV-2024-00195,2024-11-26,Siemens AG,Marketing,82637.23,EUR,CC-1002,mgr_02
INV-2024-00088,2024-11-18,ThyssenKrupp AG,Logistics,22273.69,EUR,CC-2001,mgr_04
INV-2024-00290,2024-11-04,Fresenius SE,Raw Materials,147589.44,EUR,CC-1001,mgr_02
INV-2024-00419,2024-03-18,Continental AG,Logistics,31179.15,EUR,CC-2001,mgr_06
INV-2024-00333,2024-07-08,Continental AG,Raw Materials,301629.01,EUR,CC-3001,mgr_09
INV-2024-00343,2024-01-10,Henkel AG,Software,43040.47,EUR,CC-3001,mgr_04
INV-2024-00399,2024-05-06,Continental AG,Office Supplies,1718.29,EUR,CC-1001,mgr_08
INV-2024-00332,2024-02-19,Henkel AG,Maintenance,63796.88,EUR,CC-2001,mgr_09
INV-2024-00249,2024-02-22,BASF SE,Marketing,103387.06,EUR,CC-1002,mgr_01
INV-2024-00006,2024-03-20,Henkel AG,Logistics,5559.41,EUR,CC-3001,mgr_02
INV-2024-00221,2024-04-02,Deutsche Post AG,Raw Materials,329014.97,EUR,CC-1001,mgr_03
INV-2024-00155,2024-08-21,Bayer AG,Raw Materials,96114.58,EUR,CC-4001,mgr_09
INV-2024-00395,2024-11-25,Fresenius SE,Maintenance,26180.02,EUR,CC-3001,mgr_07
INV-2024-00427,2024-04-16,Bayer AG,Raw Materials,464508.6,EUR,CC-2001,mgr_03
INV-2024-00444,2024-07-22,Deutsche Post AG,Marketing,79078.54,EUR,CC-2001,mgr_08
INV-2024-00010,2024-02-12,BASF SE,Logistics,19316.25,EUR,CC-3001,mgr_06
INV-2024-00264,2024-08-26,Bayer AG,Office Supplies,2564.24,EUR,CC-3001,mgr_03
INV-2024-00236,2024-08-12,Continental AG,Consulting,136346.19,EUR,CC-3001,mgr_09
INV-2024-00450,2024-08-12,BASF SE,Office Supplies,4112.93,EUR,CC-3001,mgr_08
INV-2024-00457,2024-09-23,Merck KGaA,Logistics,19018.92,EUR,CC-3001,mgr_10
INV-2024-00127,2024-01-08,Merck KGaA,Office Supplies,2445.7,EUR,CC-2001,mgr_03
INV-2024-00306,2024-07-08,Fresenius SE,Software,14717.58,EUR,CC-1001,mgr_02
INV-2024-00413,2024-09-25,BASF SE,IT-Services,142052.28,EUR,CC-1001,mgr_01
INV-2024-00037,2024-05-07,Continental AG,Logistics,27046.14,EUR,CC-1002,mgr_07
INV-2024-00233,2024-01-10,BASF SE,Software,86486.78,EUR,CC-4001,mgr_07
INV-2024-00146,2024-12-05,Fresenius SE,Maintenance,3899.07,EUR,CC-1001,mgr_06
INV-2024-00460,2024-06-10,Merck KGaA,Marketing,157932.65,EUR,CC-4001,mgr_08
INV-2024-00180,2024-12-13,BASF SE,Raw Materials,451798.45,EUR,CC-1001,mgr_05
INV-2024-00181,2024-08-13,Deutsche Post AG,IT-Services,57904.88,EUR,CC-1002,mgr_02
INV-2024-00363,2024-06-18,Merck KGaA,Raw Materials,324494.38,EUR,CC-1002,mgr_01
INV-2024-00418,2024-01-09,Bosch GmbH,Maintenance,9454.3,EUR,CC-1001,mgr_09
INV-2024-00388,2024-12-04,Deutsche Post AG,Maintenance,61518.22,EUR,CC-1001,mgr_04
INV-2024-00179,2024-11-06,Continental AG,Marketing,129140.49,EUR,CC-4001,mgr_05
INV-2024-00244,2024-11-19,ThyssenKrupp AG,Office Supplies,2997.96,EUR,CC-2001,mgr_09
INV-2024-00226,2024-11-06,Bayer AG,Software,28770.35,EUR,CC-4001,mgr_02
INV-2024-00317,2024-11-18,ThyssenKrupp AG,Office Supplies,2466.43,EUR,CC-3001,mgr_05
INV-2024-00061,2024-04-17,BASF SE,Logistics,18007.09,EUR,CC-4001,mgr_07
INV-2024-00046,2024-02-05,Continental AG,Consulting,127094.91,EUR,CC-4001,mgr_04
INV-2024-00451,2024-03-12,Continental AG,Office Supplies,1338.14,EUR,CC-1002,mgr_07
INV-2024-00091,2024-07-31,Henkel AG,Maintenance,43866.28,EUR,CC-3001,mgr_01
INV-2024-00230,2024-05-28,BASF SE,Marketing,6507.33,EUR,CC-3001,mgr_03
INV-2024-00148,2024-01-01,Bayer AG,Software,7312.0,EUR,CC-4001,mgr_06
INV-2024-00224,2024-10-17,Siemens AG,Consulting,55118.17,EUR,CC-4001,mgr_01
INV-2024-00439,2024-02-13,Deutsche Post AG,Logistics,26294.67,EUR,CC-3001,mgr_03
INV-2024-00274,2024-08-05,ThyssenKrupp AG,Consulting,78915.67,EUR,CC-1001,mgr_01
INV-2024-00421,2024-10-16,Continental AG,Logistics,15348.74,EUR,CC-1001,mgr_01
INV-2024-00405,2024-05-24,Merck KGaA,Maintenance,43158.36,EUR,CC-2001,mgr_05
INV-2024-00137,2024-12-04,Bayer AG,Logistics,6181.43,EUR,CC-1002,mgr_03
INV-2024-00370,2024-06-06,Bayer AG,Raw Materials,343350.74,EUR,CC-2001,mgr_02
INV-2024-00330,2024-04-09,Fresenius SE,Marketing,61277.33,EUR,CC-3001,mgr_09
INV-2024-00169,2024-01-24,Siemens AG,Marketing,62206.72,EUR,CC-2001,mgr_07
INV-2024-00248,2024-06-13,Fresenius SE,Software,16784.39,EUR,CC-1001,mgr_08
INV-2024-00281,2024-05-03,Deutsche Post AG,Consulting,223204.23,EUR,CC-2001,mgr_03
INV-2024-00041,2024-07-24,Bosch GmbH,IT-Services,59951.1,EUR,CC-3001,mgr_05
INV-2024-00488,2024-06-14,ThyssenKrupp AG,Office Supplies,2906.4,EUR,CC-4001,mgr_02
INV-2024-00377,2024-02-29,Deutsche Post AG,Logistics,24696.98,EUR,CC-4001,mgr_08
INV-2024-00110,2024-08-25,Merck KGaA,Marketing,142925.19,EUR,CC-3001,mgr_03
INV-2024-00341,2024-09-02,Fresenius SE,Raw Materials,314883.6,EUR,CC-4001,mgr_07
INV-2024-00331,2024-08-19,Deutsche Post AG,Office Supplies,3433.95,EUR,CC-1001,mgr_03
INV-ANOM-0008,2024-11-04,Deutsche Post AG,Office Supplies,1756866.62,EUR,CC-1001,mgr_05
INV-ANOM-0004,2024-11-08,Bosch GmbH,Software,1286306.49,EUR,CC-1002,mgr_03
INV-2024-00015,2024-10-17,Continental AG,Marketing,132810.54,EUR,CC-3001,mgr_08
INV-2024-00420,2024-05-16,BASF SE,Maintenance,30471.08,EUR,CC-3001,mgr_08
INV-2024-00200,2024-10-03,Bosch GmbH,Office Supplies,638.64,EUR,CC-1001,mgr_03
INV-2024-00311,2024-09-23,ThyssenKrupp AG,Raw Materials,83163.88,EUR,CC-2001,mgr_04
INV-2024-00008,2024-10-01,Bayer AG,Consulting,32852.06,EUR,CC-2001,mgr_10
INV-2024-00057,2024-01-23,Henkel AG,IT-Services,116812.29,EUR,CC-2001,mgr_03
INV-2024-00153,2024-03-01,Merck KGaA,Raw Materials,466393.88,EUR,CC-2001,mgr_09
INV-2024-00082,2024-07-23,Bosch GmbH,Logistics,32974.87,EUR,CC-1001,mgr_02
INV-2024-00301,2024-12-23,Continental AG,Software,14018.47,EUR,CC-1001,mgr_08
INV-2024-00321,2024-02-26,Continental AG,Marketing,95962.15,EUR,CC-2001,mgr_08
INV-2024-00348,2024-06-03,Continental AG,Office Supplies,3482.18,EUR,CC-3001,mgr_06
INV-2024-00100,2024-07-15,Bayer AG,Office Supplies,1336.13,EUR,CC-1001,mgr_08
INV-2024-00083,2024-08-05,Bosch GmbH,Logistics,40303.44,EUR,CC-4001,mgr_08
INV-2024-00129,2024-09-09,Deutsche Post AG,Consulting,192539.26,EUR,CC-1001,mgr_03
INV-2024-00471,2024-11-12,ThyssenKrupp AG,Raw Materials,459422.61,EUR,CC-4001,mgr_02
INV-2024-00273,2024-05-13,Bosch GmbH,Logistics,27665.81,EUR,CC-4001,mgr_09
INV-2024-00456,2024-08-08,Siemens AG,Consulting,38595.9,EUR,CC-1002,mgr_09
INV-2024-00241,2024-12-02,Bosch GmbH,Consulting,285874.72,EUR,CC-3001,mgr_08
INV-2024-00245,2024-02-07,Merck KGaA,Office Supplies,2314.38,EUR,CC-1001,mgr_06
INV-RND-0005,2024-02-29,Merck KGaA,IT-Services,150000.0,EUR,CC-2001,mgr_03
INV-2024-00448,2024-05-23,Henkel AG,Maintenance,9997.14,EUR,CC-4001,mgr_04
INV-2024-00424,2024-10-16,Fresenius SE,Consulting,276554.14,EUR,CC-1002,mgr_04
INV-2024-00201,2024-01-08,Continental AG,Marketing,119826.32,EUR,CC-1001,mgr_03
INV-2024-00098,2024-11-25,Bosch GmbH,Maintenance,69481.26,EUR,CC-1002,mgr_01
INV-2024-00401,2024-05-17,Deutsche Post AG,Maintenance,48630.84,EUR,CC-1001,mgr_04
INV-2024-00204,2024-02-26,Fresenius SE,Software,23711.88,EUR,CC-4001,mgr_01
INV-2024-00352,2024-09-02,Continental AG,Logistics,41483.61,EUR,CC-2001,mgr_09
INV-WE-0007,2024-08-04,Bayer AG,Consulting,65851.04,EUR,CC-4001,mgr_10
INV-2024-00357,2024-11-29,ThyssenKrupp AG,Logistics,16397.8,EUR,CC-1001,mgr_02
INV-2024-00064,2024-05-16,BASF SE,Raw Materials,191888.32,EUR,CC-1001,mgr_08
INV-2024-00135,2024-08-19,ThyssenKrupp AG,Software,5198.71,EUR,CC-2001,mgr_05
INV-2024-00205,2024-12-03,Merck KGaA,Office Supplies,3252.37,EUR,CC-1001,mgr_01
INV-2024-00227,2024-06-25,BASF SE,Maintenance,23376.47,EUR,CC-4001,mgr_08
INV-2024-00462,2024-02-05,Siemens AG,Office Supplies,4069.91,EUR,CC-1001,mgr_01
INV-2024-00052,2024-05-06,ThyssenKrupp AG,Marketing,35760.63,EUR,CC-4001,mgr_05
INV-2024-00108,2024-03-04,Henkel AG,IT-Services,82248.06,EUR,CC-2001,mgr_02
INV-2024-00481,2024-10-16,Fresenius SE,Software,52058.99,EUR,CC-4001,mgr_02
INV-2024-00475,2024-10-11,Merck KGaA,Raw Materials,145128.55,EUR,CC-1002,mgr_06
INV-2024-00268,2024-02-16,Merck KGaA,Logistics,44289.17,EUR,CC-1001,mgr_07
INV-2024-00435,2024-06-11,BASF SE,Marketing,22846.48,EUR,CC-2001,mgr_08
INV-2024-00347,2024-09-04,Continental AG,Logistics,14310.82,EUR,CC-2001,mgr_04
INV-2024-00246,2024-05-27,BASF SE,Consulting,188352.43,EUR,CC-4001,mgr_07
INV-2024-00211,2024-08-20,Bayer AG,Maintenance,58639.39,EUR,CC-2001,mgr_07
INV-2024-00220,2024-04-23,ThyssenKrupp AG,Office Supplies,4615.53,EUR,CC-2001,mgr_01
INV-2024-00152,2024-07-29,Continental AG,Consulting,297754.57,EUR,CC-1001,mgr_08
INV-2024-00411,2024-09-09,Merck KGaA,Software,18486.9,EUR,CC-2001,mgr_03
INV-2024-00018,2024-09-17,BASF SE,Software,76066.65,EUR,CC-1001,mgr_03
INV-2024-00473,2024-04-03,Bosch GmbH,Marketing,104610.85,EUR,CC-3001,mgr_10
INV-2024-00229,2024-01-04,ThyssenKrupp AG,Logistics,47293.54,EUR,CC-1002,mgr_05
INV-2024-00383,2024-07-10,Merck KGaA,Maintenance,69700.0,EUR,CC-3001,mgr_07
INV-RND-0003,2024-07-19,Deutsche Post AG,Consulting,200000.0,EUR,CC-2001,mgr_07
INV-2024-00096,2024-07-18,Bayer AG,Marketing,146215.37,EUR,CC-3001,mgr_03
INV-2024-00110,2024-08-09,Merck KGaA,Marketing,142925.19,EUR,CC-3001,mgr_03
INV-2024-00182,2024-05-31,Bayer AG,Marketing,39249.81,EUR,CC-1002,mgr_09
INV-2024-00089,2024-05-20,Henkel AG,Marketing,179140.23,EUR,CC-1001,mgr_03
INV-2024-00219,2024-11-14,Deutsche Post AG,IT-Services,139717.22,EUR,CC-2001,mgr_01
INV-2024-00196,2024-08-20,Continental AG,Consulting,196094.3,EUR,CC-4001,mgr_01
INV-2024-00312,2024-06-26,BASF SE,Office Supplies,1327.97,EUR,CC-4001,mgr_05
INV-2024-00304,2025-01-07,Henkel AG,Raw Materials,254869.12,EUR,CC-1001,mgr_04
INV-2024-00318,2024-08-20,Siemens AG,Consulting,55843.33,EUR,CC-3001,mgr_08
INV-2024-00222,2024-11-20,BASF SE,IT-Services,113186.21,EUR,CC-1002,mgr_07
INV-2024-00087,2024-05-13,ThyssenKrupp AG,Logistics,38407.78,EUR,CC-4001,mgr_08
INV-2024-00316,2024-11-29,Deutsche Post AG,Logistics,21121.05,EUR,CC-1001,mgr_08
INV-2024-00305,2024-03-12,Merck KGaA,Logistics,1801.06,EUR,CC-4001,mgr_10
INV-2024-00022,2024-05-30,Bosch GmbH,Maintenance,36844.17,EUR,CC-2001,mgr_09
INV-2024-00302,2024-03-29,BASF SE,Software,81430.3,EUR,CC-2001,mgr_06
INV-2024-00170,2024-03-15,Fresenius SE,Logistics,20896.56,EUR,CC-1002,mgr_03
INV-2024-00382,2024-01-17,Bayer AG,Office Supplies,981.91,EUR,CC-1002,mgr_07
INV-ANOM-0003,2024-07-15,Bosch GmbH,Raw Materials,975252.77,EUR,CC-4001,mgr_01
INV-2024-00228,2024-09-26,Siemens AG,Office Supplies,1180.54,EUR,CC-4001,mgr_01
INV-2024-00297,2024-07-09,BASF SE,Software,58244.33,EUR,CC-4001,mgr_06
INV-2024-00034,2024-10-22,Continental AG,Software,78892.7,EUR,CC-3001,mgr_04
INV-RND-0002,2024-09-18,Continental AG,Raw Materials,100000.0,EUR,CC-4001,mgr_06
INV-2024-00350,2024-03-04,Bayer AG,Maintenance,65651.82,EUR,CC-1002,mgr_05
INV-2024-00133,2024-02-20,Continental AG,Logistics,13599.98,EUR,CC-1001,mgr_03
INV-2024-00374,2024-12-16,Fresenius SE,Consulting,139556.91,EUR,CC-2001,mgr_02
INV-2024-00415,2024-04-22,Henkel AG,Software,7924.11,EUR,CC-4001,mgr_08
INV-2024-00443,2024-11-11,Merck KGaA,Logistics,5795.13,EUR,CC-2001,mgr_01
INV-2024-00102,2024-01-16,Continental AG,Logistics,42041.83,EUR,CC-4001,mgr_03
INV-2024-00361,2024-02-26,ThyssenKrupp AG,Marketing,93598.07,EUR,CC-4001,mgr_09
INV-2024-00114,2024-12-09,Henkel AG,Maintenance,3267.3,EUR,CC-2001,mgr_03
INV-2024-00364,2024-06-21,Deutsche Post AG,Office Supplies,3404.57,EUR,CC-1002,mgr_03
INV-2024-00480,2024-01-17,Continental AG,Office Supplies,2734.28,EUR,CC-1002,mgr_08
INV-2024-00063,2024-01-15,Henkel AG,Raw Materials,391410.86,EUR,CC-3001,mgr_04
INV-2024-00072,2024-07-05,BASF SE,Maintenance,75961.08,EUR,CC-2001,mgr_10
INV-2024-00493,2024-10-24,BASF SE,IT-Services,110985.13,EUR,CC-3001,mgr_06
INV-2024-00237,2024-02-12,ThyssenKrupp AG,Maintenance,59918.58,EUR,CC-1002,mgr_06
INV-2024-00372,2024-09-02,Merck KGaA,Raw Materials,374119.68,EUR,CC-4001,mgr_06
INV-2024-00320,2024-06-25,Bosch GmbH,Maintenance,61092.53,EUR,CC-4001,mgr_09
INV-2024-00282,2024-01-23,Fresenius SE,Marketing,71016.72,EUR,CC-1002,mgr_08
INV-2024-00285,2024-06-10,Fresenius SE,Office Supplies,2051.3,EUR,CC-4001,mgr_08
INV-2024-00334,2024-01-22,Siemens AG,IT-Services,24870.27,EUR,CC-2001,mgr_08
INV-2024-00208,2024-05-20,Bayer AG,Marketing,198952.41,EUR,CC-4001,mgr_05
INV-2024-00016,2024-03-14,Bosch GmbH,Office Supplies,1308.47,EUR,CC-4001,mgr_09
INV-2024-00090,2024-03-18,Bayer AG,Logistics,34850.52,EUR,CC-1002,mgr_02
INV-2024-00358,2024-11-29,Fresenius SE,Logistics,37064.98,EUR,CC-1001,mgr_03
INV-2024-00154,2024-12-27,Bayer AG,Office Supplies,4190.15,EUR,CC-3001,mgr_04
INV-2024-00026,2024-05-02,Continental AG,IT-Services,132311.39,EUR,CC-1001,mgr_02
INV-2024-00263,2024-08-28,Henkel AG,Logistics,34076.19,EUR,CC-4001,mgr_08
INV-2024-00203,2024-02-02,Merck KGaA,Software,78245.67,EUR,CC-4001,mgr_10
INV-2024-00183,2024-07-08,Bosch GmbH,Office Supplies,1359.15,EUR,CC-3001,mgr_05
INV-2024-00461,2024-06-27,BASF SE,Software,44940.26,EUR,CC-3001,mgr_06
INV-2024-00329,2024-07-25,Siemens AG,Marketing,83113.42,EUR,CC-4001,mgr_09
INV-2024-00076,2024-01-01,ThyssenKrupp AG,Office Supplies,1129.9,EUR,CC-4001,mgr_10
INV-2024-00355,2024-02-21,Henkel AG,Maintenance,57671.29,EUR,CC-1001,mgr_03
INV-2024-00111,2024-09-24,Deutsche Post AG,Office Supplies,4060.18,EUR,CC-4001,mgr_08
INV-2024-00021,2024-12-16,Fresenius SE,Consulting,227754.56,EUR,CC-2001,mgr_02
INV-2024-00309,2024-12-16,Bosch GmbH,Marketing,176202.23,EUR,CC-4001,mgr_10
INV-2024-00426,2024-10-07,Bosch GmbH,IT-Services,139671.12,EUR,CC-2001,mgr_01
INV-2024-00496,2024-10-16,Henkel AG,Software,89627.16,EUR,CC-1001,mgr_01
INV-2024-00047,2024-10-23,Deutsche Post AG,IT-Services,16887.59,EUR,CC-4001,mgr_10
INV-2024-00338,2024-12-30,Merck KGaA,Office Supplies,4097.17,EUR,CC-2001,mgr_06
INV-2024-00136,2024-12-25,BASF SE,Software,69363.72,EUR,CC-2001,mgr_10
INV-2024-00422,2024-02-19,Bayer AG,Maintenance,30796.4,EUR,CC-3001,mgr_01
INV-2024-00393,2024-06-03,Fresenius SE,Raw Materials,111300.33,EUR,CC-2001,mgr_05
INV-2024-00353,2024-12-23,Bosch GmbH,Office Supplies,635.21,EUR,CC-4001,mgr_04
INV-2024-00107,2024-10-30,BASF SE,Logistics,35011.05,EUR,CC-2001,mgr_10
INV-2024-00184,2024-06-24,Merck KGaA,Consulting,289239.05,EUR,CC-1002,mgr_04
INV-2024-00275,2024-05-02,Deutsche Post AG,Maintenance,37111.98,EUR,CC-1001,mgr_08
INV-2024-00452,2024-07-12,Merck KGaA,Consulting,297303.18,EUR,CC-3001,mgr_10
INV-2024-00209,2024-08-20,BASF SE,Maintenance,63654.59,EUR,CC-1001,mgr_09
INV-2024-00161,2024-06-11,Bayer AG,Software,39835.72,EUR,CC-1002,mgr_08
INV-2024-00441,2024-03-26,ThyssenKrupp AG,Maintenance,34267.08,EUR,CC-3001,mgr_02
INV-2024-00231,2024-03-07,Fresenius SE,Maintenance,56590.03,EUR,CC-4001,mgr_09
INV-2024-00085,2024-10-14,Merck KGaA,Marketing,124467.2,EUR,CC-4001,mgr_07
INV-2024-00055,2024-05-24,Henkel AG,Logistics,10578.07,EUR,CC-2001,mgr_09
INV-2024-00080,2024-01-15,Continental AG,IT-Services,147670.72,EUR,CC-4001,mgr_02
INV-2024-00056,2024-09-09,Siemens AG,Office Supplies,552.26,EUR,CC-3001,mgr_05
INV-2024-00300,2024-05-14,Merck KGaA,Office Supplies,1151.4,EUR,CC-4001,mgr_05
INV-2024-00070,2024-11-06,Bayer AG,Consulting,270856.37,EUR,CC-1002,mgr_05
INV-2024-00104,2024-08-26,Henkel AG,Office Supplies,922.17,EUR,CC-4001,mgr_02
INV-2024-00367,2024-05-07,ThyssenKrupp AG,IT-Services,60618.29,EUR,CC-3001,mgr_05
INV-2024-00406,2024-05-13,Fresenius SE,Marketing,177148.33,EUR,CC-3001,mgr_02
INV-2024-00140,2024-05-20,Merck KGaA,Software,9883.3,EUR,CC-1001,mgr_07
INV-2024-00232,2024-12-09,BASF SE,Marketing,82428.88,EUR,CC-1001,mgr_07
INV-2024-00163,2024-08-13,Fresenius SE,Consulting,274028.09,EUR,CC-1001,mgr_03
INV-2024-00436,2024-07-03,BASF SE,Office Supplies,749.28,EUR,CC-1002,mgr_07
INV-2024-00368,2024-06-17,Deutsche Post AG,Office Supplies,3642.12,EUR,CC-1001,mgr_05
INV-2024-00162,2024-01-19,Fresenius SE,Raw Materials,482711.44,EUR,CC-2001,mgr_02
INV-2024-00134,2024-05-02,Fresenius SE,Raw Materials,38457.37,EUR,CC-1001,mgr_07
INV-2024-00429,2024-06-18,Bosch GmbH,Maintenance,63449.35,EUR,CC-1001,mgr_09
INV-2024-00417,2024-01-08,Fresenius SE,IT-Services,109717.94,EUR,CC-4001,mgr_05
INV-2024-00067,2024-06-28,Fresenius SE,Maintenance,27160.84,EUR,CC-1001,mgr_02
INV-2024-00340,2024-08-30,Deutsche Post AG,Office Supplies,2930.41,EUR,CC-1001,mgr_10
INV-2024-00223,2024-08-02,Henkel AG,Software,17426.11,EUR,CC-2001,mgr_06
INV-2024-00032,2024-04-29,Siemens AG,Consulting,259294.27,EUR,CC-1001,mgr_09
INV-2024-00499,2024-03-22,BASF SE,Office Supplies,3307.48,EUR,CC-2001,mgr_02
INV-2024-00304,2024-12-30,Henkel AG,Raw Materials,254869.12,EUR,CC-1001,mgr_04
INV-2024-00039,2024-10-08,Siemens AG,Consulting,199122.02,EUR,CC-4001,mgr_01
INV-2024-00202,2024-05-15,Bosch GmbH,IT-Services,112549.12,EUR,CC-4001,mgr_02
INV-2024-00327,2024-05-24,Deutsche Post AG,Software,88469.27,EUR,CC-3001,mgr_05
INV-2024-00069,2024-02-26,Henkel AG,Maintenance,58555.06,EUR,CC-2001,mgr_07
INV-2024-00259,2024-10-03,Henkel AG,IT-Services,132076.95,EUR,CC-4001,mgr_03
INV-2024-00049,2024-05-15,Bosch GmbH,Maintenance,54063.53,EUR,CC-2001,mgr_08
INV-2024-00298,2024-07-22,ThyssenKrupp AG,Marketing,53674.27,EUR,CC-1001,mgr_01
INV-2024-00044,2024-10-04,Henkel AG,IT-Services,13288.96,EUR,CC-4001,mgr_08
INV-2024-00235,2024-06-17,Deutsche Post AG,Raw Materials,230588.35,EUR,CC-2001,mgr_02
INV-2024-00453,2024-07-24,Fresenius SE,Maintenance,3904.45,EUR,CC-2001,mgr_09
INV-2024-00359,2024-08-01,Siemens AG,Raw Materials,498588.73,EUR,CC-3001,mgr_08
INV-2024-00212,2024-06-10,Henkel AG,Office Supplies,4772.6,EUR,CC-3001,mgr_02
INV-2024-00267,2024-03-25,Merck KGaA,Office Supplies,4536.0,EUR,CC-1002,mgr_07
INV-2024-00119,2024-04-23,Continental AG,Maintenance,25190.28,EUR,CC-4001,mgr_06
INV-2024-00483,2024-10-07,Bayer AG,Logistics,5569.61,EUR,CC-1002,mgr_05
INV-2024-00048,2024-09-24,ThyssenKrupp AG,Marketing,44830.54,EUR,CC-2001,mgr_04
INV-2024-00144,2024-11-21,BASF SE,Software,48061.02,EUR,CC-3001,mgr_06
INV-ANOM-0001,2024-03-04,Bayer AG,Raw Materials,1425470.27,EUR,CC-1002,mgr_07
INV-2024-00073,2024-06-10,ThyssenKrupp AG,Consulting,157065.53,EUR,CC-3001,mgr_06
INV-ANOM-0007,2024-03-12,Continental AG,Office Supplies,1609082.63,EUR,CC-1002,mgr_09
INV-2024-00252,2024-01-29,BASF SE,Marketing,69289.7,EUR,CC-4001,mgr_07
INV-2024-00464,2024-04-01,Henkel AG,Raw Materials,280364.63,EUR,CC-3001,mgr_04
INV-2024-00122,2024-04-08,BASF SE,Marketing,149861.81,EUR,CC-1002,mgr_04
INV-2024-00272,2024-12-27,Merck KGaA,Software,62304.13,EUR,CC-1001,mgr_01
INV-2024-00106,2024-12-12,Bayer AG,Maintenance,75376.18,EUR,CC-1002,mgr_02
INV-2024-00054,2024-05-15,BASF SE,Consulting,225300.84,EUR,CC-1002,mgr_05
INV-2024-00158,2024-10-23,Bosch GmbH,Software,45761.64,EUR,CC-3001,mgr_06
INV-2024-00373,2024-07-31,Fresenius SE,Software,80595.51,EUR,CC-1002,mgr_04
INV-2024-00378,2024-01-29,Bosch GmbH,Software,52298.29,EUR,CC-3001,mgr_10
INV-2024-00193,2024-07-29,Siemens AG,Office Supplies,3482.38,EUR,CC-1002,mgr_08
INV-2024-00337,2024-10-30,Fresenius SE,Marketing,166516.43,EUR,CC-4001,mgr_08
INV-2024-00389,2024-04-15,BASF SE,Consulting,182243.8,EUR,CC-3001,mgr_10
INV-2024-00001,2024-11-25,Siemens AG,Consulting,225049.64,EUR,CC-1002,mgr_04
INV-2024-00172,2024-09-11,Continental AG,Raw Materials,231113.81,EUR,CC-2001,mgr_08
INV-2024-00432,2024-09-09,Henkel AG,Logistics,27875.37,EUR,CC-3001,mgr_07
INV-WE-0006,2024-02-03,Bayer AG,Office Supplies,64714.22,EUR,CC-4001,mgr_07
INV-2024-00326,2024-08-22,Continental AG,Logistics,29375.53,EUR,CC-1001,mgr_01
INV-2024-00178,2024-01-05,Deutsche Post AG,IT-Services,113049.96,EUR,CC-2001,mgr_04
INV-2024-00278,2024-04-05,Fresenius SE,Consulting,292649.8,EUR,CC-1001,mgr_09
INV-2024-00120,2024-08-30,Bayer AG,Marketing,199343.14,EUR,CC-4001,mgr_06
INV-RND-0004,2024-05-02,Siemens AG,Logistics,75000.0,EUR,CC-1001,mgr_07
INV-2024-00210,2024-04-22,Merck KGaA,Maintenance,71159.19,EUR,CC-3001,mgr_06
INV-2024-00004,2024-10-14,Fresenius SE,Logistics,21266.23,EUR,CC-3001,mgr_10
INV-2024-00078,2024-08-30,BASF SE,Raw Materials,142609.42,EUR,CC-4001,mgr_06
INV-2024-00479,2024-03-26,Deutsche Post AG,Consulting,18949.6,EUR,CC-1002,mgr_05
INV-2024-00408,2024-10-15,Bosch GmbH,Logistics,1302.89,EUR,CC-4001,mgr_10
INV-2024-00390,2024-12-10,Continental AG,IT-Services,112378.46,EUR,CC-3001,mgr_08
INV-2024-00280,2024-07-10,Siemens AG,Office Supplies,1849.76,EUR,CC-1001,mgr_06
INV-2024-00376,2024-10-21,Bosch GmbH,Raw Materials,164730.7,EUR,CC-4001,mgr_08
INV-2024-00101,2024-01-10,Henkel AG,IT-Services,37512.21,EUR,CC-1001,mgr_01
INV-2024-00398,2024-01-30,Bayer AG,Maintenance,45025.65,EUR,CC-1002,mgr_07
INV-2024-00494,2024-02-02,Continental AG,Maintenance,77482.16,EUR,CC-1002,mgr_08
INV-2024-00253,2024-05-27,Deutsche Post AG,Office Supplies,4379.07,EUR,CC-2001,mgr_02
INV-2024-00303,2024-12-30,Fresenius SE,Consulting,167229.69,EUR,CC-2001,mgr_03
INV-2024-00431,2024-11-05,Henkel AG,Maintenance,3340.43,EUR,CC-2001,mgr_08
INV-2024-00238,2024-03-27,Fresenius SE,Consulting,193635.15,EUR,CC-4001,mgr_09
INV-2024-00125,2024-06-03,Fresenius SE,IT-Services,23354.53,EUR,CC-1001,mgr_01
INV-2024-00319,2024-08-26,Henkel AG,Logistics,30529.68,EUR,CC-2001,mgr_06
INV-2024-00379,2024-01-30,ThyssenKrupp AG,Software,72881.45,EUR,CC-3001,mgr_05
INV-2024-00156,2024-03-11,ThyssenKrupp AG,Consulting,234075.79,EUR,CC-3001,mgr_06
INV-2024-00402,2024-10-28,Merck KGaA,Logistics,10840.01,EUR,CC-2001,mgr_05
INV-2024-00289,2024-09-23,BASF SE,Office Supplies,3662.7,EUR,CC-1001,mgr_07
INV-2024-00150,2024-10-08,ThyssenKrupp AG,Raw Materials,219619.93,EUR,CC-3001,mgr_02
INV-2024-00103,2024-05-02,Merck KGaA,Raw Materials,335059.96,EUR,CC-4001,mgr_04
INV-2024-00497,2024-02-20,Siemens AG,Software,14175.24,EUR,CC-1002,mgr_08
INV-2024-00005,2024-05-22,Bosch GmbH,IT-Services,106230.21,EUR,CC-2001,mgr_05
INV-2024-00040,2024-02-24,Bosch GmbH,Logistics,20617.5,EUR,CC-3001,mgr_04
INV-2024-00469,2024-05-14,Fresenius SE,Software,96659.81,EUR,CC-2001,mgr_10
INV-2024-00045,2024-09-16,Siemens AG,Raw Materials,480428.67,EUR,CC-1001,mgr_03
INV-RND-0001,2024-03-19,ThyssenKrupp AG,Consulting,50000.0,EUR,CC-2001,mgr_02
INV-2024-00160,2024-10-21,Continental AG,Maintenance,68625.03,EUR,CC-3001,mgr_01
INV-2024-00433,2024-04-05,BASF SE,Maintenance,62001.22,EUR,CC-2001,mgr_04
INV-2024-00397,2024-05-03,ThyssenKrupp AG,Logistics,42948.29,EUR,CC-1002,mgr_08
INV-2024-00145,2024-06-13,Bosch GmbH,Consulting,105643.06,EUR,CC-3001,mgr_05
INV-2024-00239,2024-04-09,Henkel AG,Marketing,146838.93,EUR,CC-1002,mgr_04
INV-2024-00036,2024-01-29,Siemens AG,Consulting,126760.17,EUR,CC-2001,mgr_02
INV-2024-00206,2024-09-02,Bayer AG,Maintenance,55201.7,EUR,CC-3001,mgr_08
INV-2024-00478,2024-12-16,Bayer AG,Software,71593.95,EUR,CC-3001,mgr_08
INV-2024-00265,2024-04-12,ThyssenKrupp AG,Raw Materials,27037.72,EUR,CC-3001,mgr_06
INV-2024-00468,2024-02-22,Henkel AG,Raw Materials,163666.47,EUR,CC-3001,mgr_02
INV-2024-00463,2024-06-24,Bosch GmbH,Consulting,279677.51,EUR,CC-1002,mgr_09
INV-2024-00474,2024-03-11,Bayer AG,Maintenance,15674.54,EUR,CC-4001,mgr_03
INV-2024-00027,2024-09-05,Fresenius SE,Consulting,232091.98,EUR,CC-1002,mgr_08
INV-2024-00345,2024-10-14,Merck KGaA,Marketing,107468.04,EUR,CC-2001,mgr_03
INV-2024-00258,2024-04-25,Bosch GmbH,Raw Materials,39505.38,EUR,CC-1001,mgr_09
INV-2024-00062,2024-11-13,Continental AG,Raw Materials,432438.24,EUR,CC-1002,mgr_07
INV-2024-00191,2024-07-17,Henkel AG,Software,67707.65,EUR,CC-4001,mgr_07
INV-2024-00293,2024-08-12,Siemens AG,Office Supplies,467.7,EUR,CC-3001,mgr_06
INV-2024-00266,2024-11-01,Fresenius SE,Consulting,256838.15,EUR,CC-2001,mgr_02
INV-2024-00423,2024-11-22,Bosch GmbH,IT-Services,16989.49,EUR,CC-3001,mgr_06
INV-2024-00139,2024-10-18,Merck KGaA,Office Supplies,709.33,EUR,CC-2001,mgr_07
INV-2024-00164,2024-07-29,BASF SE,Raw Materials,235275.81,EUR,CC-2001,mgr_06
INV-2024-00369,2024-12-02,Continental AG,Marketing,17114.24,EUR,CC-1001,mgr_08
INV-2024-00214,2024-10-11,Deutsche Post AG,IT-Services,143710.57,EUR,CC-4001,mgr_06
INV-2024-00128,2024-01-29,Merck KGaA,Office Supplies,659.03,EUR,CC-1001,mgr_07
INV-2024-00165,2024-11-15,BASF SE,Maintenance,68289.46,EUR,CC-4001,mgr_07
INV-2024-00115,2024-09-06,Henkel AG,Logistics,39992.7,EUR,CC-2001,mgr_05
INV-2024-00215,2024-12-09,Bayer AG,Consulting,112543.44,EUR,CC-3001,mgr_01
INV-2024-00336,2024-06-17,Bosch GmbH,Marketing,81626.14,EUR,CC-4001,mgr_05
INV-2024-00486,2024-12-30,Bosch GmbH,Maintenance,49675.94,EUR,CC-1002,mgr_04
INV-2024-00366,2024-12-09,Bosch GmbH,Consulting,294688.71,EUR,CC-3001,mgr_06
INV-2024-00412,2024-03-12,Bosch GmbH,Software,91856.14,EUR,CC-4001,mgr_01
INV-2024-00284,2024-01-19,Continental AG,Office Supplies,314.65,EUR,CC-1002,mgr_01
INV-2024-00019,2024-11-18,Bayer AG,Raw Materials,298608.11,EUR,CC-3001,mgr_07
INV-2024-00482,2024-05-17,Fresenius SE,Marketing,165409.13,EUR,CC-1001,mgr_08
INV-2024-00092,2024-04-15,Bayer AG,Maintenance,72482.24,EUR,CC-4001,mgr_01
INV-2024-00077,2024-12-02,Merck KGaA,Marketing,91148.27,EUR,CC-1002,mgr_09
INV-2024-00472,2024-12-10,Henkel AG,Raw Materials,59812.96,EUR,CC-2001,mgr_02
INV-2024-00197,2024-01-26,Continental AG,Marketing,197820.08,EUR,CC-4001,mgr_04
INV-2024-00187,2024-07-15,BASF SE,Marketing,136593.13,EUR,CC-3001,mgr_01
INV-2024-00242,2024-10-15,Deutsche Post AG,Software,65013.2,EUR,CC-4001,mgr_06
INV-2024-00024,2024-04-11,Henkel AG,Raw Materials,381492.89,EUR,CC-4001,mgr_09
INV-2024-00126,2024-10-10,Bosch GmbH,Office Supplies,3225.56,EUR,CC-3001,mgr_02
INV-2024-00007,2024-07-02,Deutsche Post AG,Marketing,56581.57,EUR,CC-1001,mgr_08
INV-2024-00442,2024-07-03,Continental AG,Office Supplies,3632.41,EUR,CC-3001,mgr_10
INV-2024-00176,2024-10-01,Continental AG,Consulting,120595.65,EUR,CC-2001,mgr_10
INV-2024-00023,2024-04-01,ThyssenKrupp AG,Consulting,254084.11,EUR,CC-4001,mgr_10
INV-2024-00002,2024-03-12,Fresenius SE,Consulting,35212.26,EUR,CC-3001,mgr_01
INV-2024-00261,2024-08-12,Bayer AG,IT-Services,57823.42,EUR,CC-1002,mgr_08
INV-2024-00380,2024-01-02,Deutsche Post AG,Logistics,4114.96,EUR,CC-3001,mgr_06
INV-2024-00117,2024-05-03,Merck KGaA,Maintenance,44858.92,EUR,CC-1002,mgr_08
INV-2024-00060,2024-03-06,ThyssenKrupp AG,IT-Services,57874.47,EUR,CC-1001,mgr_06
INV-2024-00371,2024-11-25,Henkel AG,Office Supplies,3111.66,EUR,CC-1002,mgr_03
INV-2024-00346,2024-08-23,Fresenius SE,Marketing,74085.96,EUR,CC-2001,mgr_10
INV-2024-00294,2024-09-19,Siemens AG,Raw Materials,72246.95,EUR,CC-4001,mgr_08
INV-2024-00458,2024-12-19,Henkel AG,Raw Materials,498853.66,EUR,CC-3001,mgr_02
INV-2024-00053,2024-11-11,Fresenius SE,IT-Services,48409.92,EUR,CC-1001,mgr_03
INV-2024-00396,2024-03-18,Bayer AG,Office Supplies,1001.01,EUR,CC-4001,mgr_08
INV-2024-00131,2024-08-01,Fresenius SE,Logistics,19328.71,EUR,CC-3001,mgr_05
INV-2024-00081,2024-08-21,Deutsche Post AG,Maintenance,16360.38,EUR,CC-3001,mgr_08
INV-2024-00189,2024-12-24,Bayer AG,Office Supplies,671.71,EUR,CC-1001,mgr_01
INV-2024-00086,2024-10-07,Bosch GmbH,Software,74878.23,EUR,CC-3001,mgr_08
INV-2024-00291,2024-06-17,ThyssenKrupp AG,Office Supplies,2284.99,EUR,CC-3001,mgr_03
INV-ANOM-0005,2024-07-29,Deutsche Post AG,Software,1845958.78,EUR,CC-1001,mgr_02
INV-2024-00256,2024-12-09,Bayer AG,Consulting,157461.66,EUR,CC-1001,mgr_06
INV-2024-00029,2024-04-18,ThyssenKrupp AG,Logistics,20250.12,EUR,CC-2001,mgr_08
INV-2024-00185,2024-12-12,Fresenius SE,Maintenance,29896.23,EUR,CC-3001,mgr_01
INV-2024-00262,2024-11-08,Merck KGaA,Office Supplies,1246.61,EUR,CC-1002,mgr_05
INV-2024-00234,2024-10-21,Bayer AG,Maintenance,23871.7,EUR,CC-3001,mgr_01
INV-2024-00255,2024-10-31,ThyssenKrupp AG,Consulting,172087.4,EUR,CC-2001,mgr_03
INV-2024-00040,2024-02-19,Bosch GmbH,Logistics,20617.5,EUR,CC-3001,mgr_04
INV-2024-00322,2024-05-06,BASF SE,Raw Materials,26252.04,EUR,CC-3001,mgr_10
INV-2024-00296,2024-07-15,Deutsche Post AG,IT-Services,27248.53,EUR,CC-3001,mgr_06
INV-2024-00500,2024-07-09,Siemens AG,Raw Materials,198774.44,EUR,CC-2001,mgr_04
INV-2024-00365,2024-11-08,Bayer AG,Maintenance,41707.17,EUR,CC-1001,mgr_07
INV-2024-00270,2024-07-10,Siemens AG,Logistics,16274.9,EUR,CC-1001,mgr_06
INV-2024-00066,2024-01-15,Bayer AG,Logistics,16748.97,EUR,CC-1001,mgr_05
INV-2024-00279,2024-10-07,Bayer AG,IT-Services,131633.06,EUR,CC-1001,mgr_07
INV-2024-00440,2024-03-12,ThyssenKrupp AG,Office Supplies,1415.19,EUR,CC-1002,mgr_02
INV-2024-00344,2024-07-29,Siemens AG,Software,71165.97,EUR,CC-4001,mgr_04
INV-2024-00031,2024-01-11,Deutsche Post AG,Logistics,11400.76,EUR,CC-1001,mgr_01
INV-2024-00121,2024-07-01,ThyssenKrupp AG,Software,32049.05,EUR,CC-1002,mgr_02
INV-2024-00276,2024-11-01,Fresenius SE,IT-Services,88381.88,EUR,CC-1002,mgr_05
INV-2024-00130,2024-03-18,BASF SE,Office Supplies,4970.2,EUR,CC-1001,mgr_09
INV-2024-00381,2024-12-24,Fresenius SE,Consulting,298295.86,EUR,CC-1001,mgr_08
INV-2024-00171,2024-04-01,Deutsche Post AG,Consulting,262543.48,EUR,CC-4001,mgr_04
INV-2024-00266,2024-10-10,Fresenius SE,Consulting,256838.15,EUR,CC-2001,mgr_02
INV-2024-00356,2024-01-03,Bayer AG,Raw Materials,326793.51,EUR,CC-3001,mgr_08
INV-2024-00005,2024-06-14,Bosch GmbH,IT-Services,106230.21,EUR,CC-2001,mgr_05
INV-2024-00168,2024-11-20,Merck KGaA,Consulting,58245.79,EUR,CC-2001,mgr_01
INV-2024-00012,2024-11-07,Fresenius SE,Raw Materials,364834.27,EUR,CC-1002,mgr_08
INV-2024-00141,2024-06-14,Siemens AG,Office Supplies,547.5,EUR,CC-4001,mgr_10
INV-2024-00013,2024-07-15,Fresenius SE,Office Supplies,1176.11,EUR,CC-2001,mgr_01
INV-2024-00123,2024-04-22,ThyssenKrupp AG,Software,73009.33,EUR,CC-4001,mgr_10
